{"1st Phase JP Nagar": 7887.609507746735, "2nd Phase Judicial Layout": 4048.7011831449663, "5th Phase JP Nagar": 5125.691217297703, "6th Phase JP Nagar": 6668.006159230793, "7th Phase JP Nagar": 6054.331026257661, "8th Phase JP Nagar": 4597.522776953851, "9th Phase JP Nagar": 4754.15796546911, "AECS Layout": 4841.772008338319, "Abbigere": 4070.194815595674, "Akshaya Nagar": 5448.25553068804, "Ambalipura": 6082.82817888983, "Ambedkar Nagar": 7028.518044478194, "Amruthahalli": 5566.032966024924, "Anandapura": 4668.796240425284, "Ananth Nagar": 3320.3352926715156, "Anekal": 3705.4073142802217, "Anjanapura": 4628.729932650271, "Ardendale": 6010.168506961792, "Arekere": 5586.513703697032, "Attibele": 3939.409113672177, "BEML Layout": 5639.935388856883, "BTM 2nd Stage": 5949.366388276294, "BTM Layout": 5283.9295995410475, "Babusapalaya": 4081.8126194641336, "Badavala Nagar": 6315.129107762855, "Balagere": 6111.56274008413, "Banashankari": 5641.600578042682, "Banashankari Stage II": 7878.032819553524, "Banashankari Stage III": 5723.599408806871, "Banashankari Stage V": 3654.640934082819, "Banashankari Stage VI": 5040.404235902335, "Banaswadi": 5744.874386736818, "Bannerghatta": 6604.312246666468, "Bannerghatta Road": 5400.827692575395, "Basavangudi": 8930.818657900083, "Basaveshwara Nagar": 6897.367889589623, "Battarahalli": 4707.663124612865, "Begur": 4439.015384018618, "Begur Road": 3983.3707836861117, "Bellandur": 5477.158176389301, "Benson Town": 8603.186416989387, "Bharathi Nagar": 4868.326441760513, "Bhoganhalli": 6276.887940251494, "Billekahalli": 5998.096919680118, "Binny Pete": 8129.075135504003, "Bisuvanahalli": 4037.1796934379263, "Bommanahalli": 4367.494382150265, "Bommasandra": 3949.9634928792334, "Bommasandra Industrial Area": 3117.507925890549, "Bommenahalli": 8565.01832201656, "Brookefield": 6210.432138399853, "Budigere": 5040.509793427629, "CV Raman Nagar": 5600.48481962756, "Chamrajpet": 6801.710650846256, "Chandapura": 3041.346150066682, "Channasandra": 3947.2230675251158, "Chikka Tirupathi": 4468.307828348118, "Chikkabanavar": 4434.760643403183, "Chikkalasandra": 4445.103865740048, "Choodasandra": 5041.888328459563, "Cooke Town": 8189.651085171247, "Cox Town": 7266.841686960911, "Dasanapura": 5111.219658913103, "Dasarahalli": 5230.059934347401, "Devanahalli": 5495.428178525765, "Devarachikkanahalli": 4324.216018292235, "Dodda Nekkundi": 4719.089574970424, "Doddaballapur": 6147.167787392563, "Doddakallasandra": 4005.270433606785, "Doddathoguru": 3913.220410589338, "Domlur": 8033.33422159514, "Dommasandra": 3644.1416645188515, "EPIP Zone": 6584.7402803905725, "Electronic City": 4472.763952870667, "Electronic City Phase II": 3661.1061355313127, "Electronics City Phase 1": 4684.452501981862, "Frazer Town": 8825.50058709114, "GM Palaya": 4501.185825211186, "Garudachar Palya": 5168.602840737249, "Gollarapalya Hosahalli": 4203.979900042955, "Gottigere": 4420.268012595581, "Green Glen Layout": 6484.825742581421, "Gubbalala": 5349.049927102718, "Gunjur": 4222.133123489718, "HBR Layout": 6766.766397121083, "HRBR Layout": 6764.147061424535, "HSR Layout": 5123.9114077196655, "Haralur Road": 5169.6467942514755, "Harlur": 6429.332221844774, "Hebbal": 6949.240838265032, "Hebbal Kempapura": 8395.217185287242, "Hegde Nagar": 6682.634292359519, "Hennur": 4770.736200752486, "Hennur Road": 5833.022478120616, "Hoodi": 5867.6398521033125, "Horamavu Agara": 4380.759920049923, "Horamavu Banaswadi": 4691.691227639455, "Hormavu": 4836.244204515078, "Hosa Road": 5302.6960972678735, "Hosakerehalli": 6983.27219280392, "Hoskote": 4104.286310782442, "Hosur Road": 5870.712648553373, "Hulimavu": 5497.80914301139, "ITPL": 4690.450479355077, "Iblur Village": 7365.602217070308, "Indira Nagar": 8636.383057890707, "JP Nagar": 5511.904620926948, "Jakkur": 6389.485950593402, "Jalahalli": 6444.826112907089, "Jalahalli East": 5077.960779587217, "Jigani": 5321.665931804302, "Judicial Layout": 6449.497100083432, "KR Puram": 4703.523335963178, "Kadubeesanahalli": 5690.818110558618, "Kadugodi": 5419.275149060796, "Kaggadasapura": 4412.0984202425625, "Kaggalipura": 5505.112069167504, "Kaikondrahalli": 5618.48496575696, "Kalena Agrahara": 5376.856407851868, "Kalyan nagar": 5554.237351084407, "Kambipura": 4667.416628227197, "Kammanahalli": 6585.586209540119, "Kammasandra": 3489.0505031327466, "Kanakapura": 4636.249348653579, "Kanakpura Road": 5225.301213661172, "Kannamangala": 5803.293965427046, "Karuna Nagar": 6547.359218659665, "Kasavanhalli": 5782.509089166841, "Kasturi Nagar": 6046.824495496009, "Kathriguppe": 5981.736081345687, "Kaval Byrasandra": 4873.320466864573, "Kenchenahalli": 5633.999899703331, "Kengeri": 4419.635238613876, "Kengeri Satellite Town": 4293.507180006087, "Kereguddadahalli": 3259.1503030997137, "Kodichikkanahalli": 4589.181241762011, "Kodigehaali": 5545.426350807735, "Kodihalli": 9292.435382412006, "Kogilu": 5014.26440436938, "Konanakunte": 7429.202359336658, "Koramangala": 7887.9965163933575, "Kothannur": 3817.11717572592, "Kothanur": 5319.718735922426, "Kudlu": 4784.095400964016, "Kudlu Gate": 5214.547008132141, "Kumaraswami Layout": 5379.799769646537, "Kundalahalli": 6985.933899522505, "LB Shastri Nagar": 5485.417141062672, "Lakshminarayana Pura": 6974.038063399683, "Lingadheeranahalli": 6613.525330900521, "Magadi Road": 5486.82936787309, "Mahadevpura": 5071.688329134136, "Mallasandra": 5333.227506718799, "Malleshpalya": 4789.710284189504, "Malleshwaram": 8496.556877035502, "Marathahalli": 5796.217058625062, "Margondanahalli": 5299.283494205595, "Mico Layout": 4726.27283251095, "Munnekollal": 4719.021320652784, "Murugeshpalya": 5606.305828710706, "Mysore Road": 5420.475685908744, "NGR Layout": 4561.254843585069, "NRI Layout": 5505.211412309819, "Nagarbhavi": 5285.507312799026, "Nagavara": 5558.316075834195, "Nagavarapalya": 6958.361631598015, "Narayanapura": 5699.796739714966, "Neeladri Nagar": 4401.760667982756, "Nehru Nagar": 5200.040751590703, "OMBR Layout": 6319.845445036373, "Old Airport Road": 7215.195461949761, "Old Madras Road": 5670.14843809066, "Padmanabhanagar": 6406.293056481332, "Pai Layout": 4649.643743452362, "Panathur": 5894.209540571139, "Parappana Agrahara": 4084.832932979918, "Pattandur Agrahara": 4778.6354377912685, "Poorna Pragna Layout": 4170.581650969721, "Prithvi Layout": 6573.032541522733, "R.T. Nagar": 5466.052205674666, "Rachenahalli": 5169.413704740141, "Raja Rajeshwari Nagar": 4249.901333800063, "Rajaji Nagar": 8727.924357857999, "Rajiv Nagar": 6407.14600067386, "Ramagondanahalli": 5242.130708173022, "Ramamurthy Nagar": 5364.598400223775, "Rayasandra": 4486.135307878156, "Sahakara Nagar": 6054.448281844295, "Sanjay nagar": 6846.454747611652, "Sarakki Nagar": 8877.717391304348, "Sarjapur": 4548.5335899751735, "Sarjapur  Road": 5839.152951517919, "Sarjapura - Attibele Road": 4038.897316470755, "Sector 2 HSR Layout": 6323.04933064558, "Sector 7 HSR Layout": 8633.02042419993, "Seegehalli": 5167.059599587126, "Singasandra": 4706.933588551841, "Somasundara Palya": 5165.139584979323, "Sompura": 3867.461090687036, "Sonnenahalli": 4714.3092383816, "Subramanyapura": 5254.373064759622, "Sultan Palaya": 5830.593747014947, "TC Palaya": 5414.281412161317, "Talaghattapura": 5615.346054604224, "Thanisandra": 5459.3416572802, "Thigalarapalya": 7329.026412189619, "Thubarahalli": 5806.883858792826, "Tumkur Road": 5774.068653213201, "Ulsoor": 7752.645103509844, "Uttarahalli": 4183.942858431293, "Varthur": 4887.026156625436, "Varthur Road": 4181.393412345444, "Vasanthapura": 3841.815601562348, "Vidyaranyapura": 4967.9621859416075, "Vijayanagar": 6439.947204161472, "Vittasandra": 5175.127477274211, "Whitefield": 5588.473256143155, "Yelachenahalli": 5508.134749665336, "Yelahanka": 5132.978597570432, "Yelahanka New Town": 4739.435709494916, "Yelenahalli": 4012.550871406862, "Yeshwanthpur": 6325.770072954125, "other": 5535.750697434547}